Cost Scaling Factor,Panjang Path,Jumlah waypoint,mean CT,SD,max CT
20,2.59641,521,0.005548,0.002228,0.013089
50,2.60291,522,0.012802,0.018897,0.089070
100,2.53762,509,0.020026,0.024742,0.099313
