CSF,mean cross track,max cross track,standard deviation
10,0.006029,0.025937,0.006468
20,0.006880,0.029719,0.007214
50,0.006536,0.033099,0.007537
100,0.003537,0.010000,0.002203
