Cost Scaling Factor,Panjang Path,Jumlah waypoint,mean CT,max CT
20,0.59177,118,0.000050,0.000234
50,0.59159,118,0.000231,0.002048
100,0.59164,118,0.000234,0.002056
