CSF,mean cross track,max cross track,standard deviation
20,0.005548,0.002228,0.013089
50,0.012802,0.018897,0.089070
100,0.020026,0.024742,0.099313
