Cost Scaling Factor,Panjang Path,Jumlah waypoint,mean CT,max CT
20,1.11483,223,0.002219,0.009989
50,1.12259,225,0.002061,0.009949
100,0.97183,193,0.005290,0.026245
