CSF,mean cross track,max cross track,standard deviation
10,0.005756,0.011590,0.003508
20,0.005778,0.011591,0.003492
50,0.005678,0.011591,0.003483
100,0.005678,0.011591,0.003483
